GENE_ID	baseMean	log2FoldChange	lfcSE	stat	pvalue	padj
ENSG00000124205	68.0565870499889	-3.35793006595452	0.678112610567517	-4.95187674381139	7.3501155557921e-07	0.000730052541090641
ENSG00000131914	182.622611558322	-2.24424672133398	0.495124710712624	-4.53268979062645	5.8237309884293e-06	0.00322698228369766
ENSG00000182600	108.377060334376	-1.67890377834239	0.36281260345357	-4.6274681815381	3.70163079987915e-06	0.00212850755202108
ENSG00000198883	32.0800934049793	-3.51513691185565	0.680564146660686	-5.16503393413144	2.40395306114627e-07	0.000275467250738352
ENSG00000263711	21.172906521941	-1.52521176307747	0.351371394232349	-4.34073970765219	1.42003860360485e-05	0.00601070784492521
ENSG00000277586	142.784486964727	-2.42899864109453	0.577028993353352	-4.2094914970886	2.55946073921882e-05	0.00975026568605411
